id;nombre;apellido;email;telefono;fecha_nacimiento
1;free furthermore litter;vivaciously uh-huh;Andres.SalinasVallejo9@hotmail.com;horst;2026-09-22
2;versus equally;painfully yearly;Maria.AguayoPelayo44@hotmail.com;very;2026-09-22
3;decision;even astride inside;Jacobo_ElizondoReyes@hotmail.com;hm knotty;2026-09-23
4;and;tiny judgementally;Elvira6@gmail.com;and equate courtroom;2026-09-22
5;riser frozen tomorrow;rich behind;Beatriz78@gmail.com;bah by besides;2026-09-22
6;of anti;whereas opposite hence;Hermenegildo_GalindoMontero29@hotmail.com;wherever;2026-09-22
7;lieu whereas wherever;arrogantly;Antonia_DelagarzaPadron7@yahoo.com;unnaturally worse oof;2026-09-22
8;readmit airport mask;since;Carlos17@yahoo.com;creamy;2026-09-22
9;yuck although opposite;palatable;Octavio.SoteloMontano@yahoo.com;oh bidet;2026-09-22
10;versus towards;hence wicked;Isabela0@gmail.com;amongst label gleaming;2026-09-23
